Date,Free Cash Flow,Issuance Of Debt,Issuance Of Capital Stock,Capital Expenditure,Interest Paid Supplemental Data,Income Tax Paid Supplemental Data,End Cash Position,Beginning Cash Position,Effect Of Exchange Rate Changes,Changes In Cash,Financing Cash Flow,Cash Flow From Continuing Financing Activities,Proceeds From Stock Option Exercised,Net Common Stock Issuance,Common Stock Issuance,Net Issuance Payments Of Debt,Net Long Term Debt Issuance,Long Term Debt Issuance,Investing Cash Flow,Cash Flow From Continuing Investing Activities,Net Other Investing Changes,Net Investment Purchase And Sale,Sale Of Investment,Purchase Of Investment,Net Business Purchase And Sale,Purchase Of Business,Net Intangibles Purchase And Sale,Purchase Of Intangibles,Net PPE Purchase And Sale,Purchase Of PPE,Operating Cash Flow,Cash Flow From Continuing Operating Activities,Change In Working Capital,Change In Other Working Capital,Change In Other Current Assets,Change In Payables And Accrued Expense,Change In Prepaid Assets,Change In Receivables,Changes In Account Receivables,Other Non Cash Items,Stock Based Compensation,Provision and Write Off of Assets,Asset Impairment Charge,Deferred Tax,Deferred Income Tax,Depreciation Amortization Depletion,Depreciation And Amortization,Operating Gains Losses,Earnings Losses From Equity Investments,Net Foreign Currency Exchange Gain Loss,Net Income From Continuing Operations,Ticker,Repurchase Of Capital Stock,Repayment Of Debt,Net Other Financing Charges,Cash Dividends Paid,Common Stock Dividend Paid,Common Stock Payments,Net Short Term Debt Issuance,Long Term Debt Payments,Change In Other Current Liabilities,Change In Payable,Change In Account Payable,Change In Inventory,Depreciation,Gain Loss On Investment Securities,Provisionand Write Offof Assets,Short Term Debt Issuance,Sale Of Business,Change In Accrued Expense,Gain Loss On Sale Of PPE,Capital Expenditure Reported,Sale Of PPE,Short Term Debt Payments,Change In Tax Payable,Change In Income Tax Payable,Amortization Cash Flow,Amortization Of Intangibles,Pension And Employee Benefit Expense,Unrealized Gain Loss On Investment Securities,Net Preferred Stock Issuance,Preferred Stock Issuance,Amortization Of Securities,Other Cash Adjustment Outside Changein Cash,Interest Received Cfi,Gain Loss On Sale Of Business
2023-06-30,59475000000.0,,1866000000.0,-28107000000.0,,,34704000000.0,13931000000.0,-194000000.0,20967000000.0,-43935000000.0,-43935000000.0,,-20379000000.0,1866000000.0,-2750000000.0,-2750000000.0,,-22680000000.0,-22680000000.0,-3116000000.0,10213000000.0,47864000000.0,-37651000000.0,-1670000000.0,-1670000000.0,,,-28107000000.0,-28107000000.0,87582000000.0,87582000000.0,-2388000000.0,5177000000.0,-4824000000.0,-2721000000.0,,-4087000000.0,-4087000000.0,,9611000000.0,,,-6059000000.0,-6059000000.0,13861000000.0,13861000000.0,196000000.0,,,72361000000.0,MSFT,-22245000000.0,-2750000000.0,-1006000000.0,-19800000000.0,-19800000000.0,-22245000000.0,,-2750000000.0,2825000000.0,-2721000000.0,-2721000000.0,1242000000.0,13861000000.0,,,,,,,,,,,,,,,,,,,,,
2022-06-30,65149000000.0,,1841000000.0,-23886000000.0,,,13931000000.0,14224000000.0,-141000000.0,-152000000.0,-58876000000.0,-58876000000.0,,-30855000000.0,1841000000.0,-9023000000.0,-9023000000.0,,-30311000000.0,-30311000000.0,-2825000000.0,18438000000.0,44894000000.0,-26456000000.0,-22038000000.0,-22038000000.0,,,-23886000000.0,-23886000000.0,89035000000.0,89035000000.0,446000000.0,5805000000.0,-3514000000.0,2943000000.0,,-6834000000.0,-6834000000.0,,7502000000.0,,,-5702000000.0,-5702000000.0,14460000000.0,14460000000.0,-409000000.0,,,72738000000.0,MSFT,-32696000000.0,-9023000000.0,-863000000.0,-18135000000.0,-18135000000.0,-32696000000.0,,-9023000000.0,3169000000.0,2943000000.0,2943000000.0,-1123000000.0,14460000000.0,,,,,,,,,,,,,,,,,,,,,
2021-06-30,56118000000.0,,1693000000.0,-20622000000.0,,,14224000000.0,13576000000.0,-29000000.0,677000000.0,-48486000000.0,-48486000000.0,,-25692000000.0,1693000000.0,-3750000000.0,-3750000000.0,,-27577000000.0,-27577000000.0,-922000000.0,2876000000.0,65800000000.0,-62924000000.0,-8909000000.0,-8909000000.0,,,-20622000000.0,-20622000000.0,76740000000.0,76740000000.0,-936000000.0,2324000000.0,-4391000000.0,2798000000.0,,-6481000000.0,-6481000000.0,,6118000000.0,,,-150000000.0,-150000000.0,11686000000.0,11686000000.0,-1249000000.0,,,61271000000.0,MSFT,-27385000000.0,-3750000000.0,-2523000000.0,-16521000000.0,-16521000000.0,-27385000000.0,,-3750000000.0,5551000000.0,2798000000.0,2798000000.0,-737000000.0,11686000000.0,,,,,,,,,,,,,,,,,,,,,
2020-06-30,45234000000.0,0.0,1343000000.0,-15441000000.0,,,13576000000.0,11356000000.0,-201000000.0,2421000000.0,-46031000000.0,-46031000000.0,,-21625000000.0,1343000000.0,-5518000000.0,-5518000000.0,0.0,-12223000000.0,-12223000000.0,-1241000000.0,6980000000.0,84170000000.0,-77190000000.0,-2521000000.0,-2521000000.0,,,-15441000000.0,-15441000000.0,60675000000.0,60675000000.0,-1483000000.0,-1419000000.0,-3367000000.0,3018000000.0,,-2577000000.0,-2577000000.0,,5289000000.0,,,11000000.0,11000000.0,12796000000.0,12796000000.0,-219000000.0,,,44281000000.0,MSFT,-22968000000.0,-5518000000.0,-3751000000.0,-15137000000.0,-15137000000.0,-22968000000.0,0.0,-5518000000.0,2694000000.0,3018000000.0,3018000000.0,168000000.0,12796000000.0,-219000000.0,,,,,,,,,,,,,,,,,,,,
2023-12-31,905000000.0,,,-39000000.0,1000000.0,50000000.0,1413000000.0,1649000000.0,4000000.0,-240000000.0,60000000.0,60000000.0,60000000.0,,,,,,-1244000000.0,-1244000000.0,-559000000.0,-251000000.0,5590000000.0,-5841000000.0,-395000000.0,-395000000.0,,,-39000000.0,-39000000.0,944000000.0,944000000.0,195000000.0,60000000.0,-50000000.0,69000000.0,,116000000.0,116000000.0,-158000000.0,615000000.0,,1378000000.0,-1000000.0,-1000000.0,70000000.0,70000000.0,-1367000000.0,-1361000000.0,-6000000.0,132000000.0,SHOP,,,,,,,,,,,,,,,80000000.0,,,,,,,,,,,,,,,,,,,
2022-12-31,-186000000.0,,0.0,-50000000.0,1000000.0,27000000.0,1649000000.0,2503000000.0,-17000000.0,-837000000.0,18000000.0,18000000.0,18000000.0,0.0,0.0,,,,-719000000.0,-719000000.0,-159000000.0,1879000000.0,6890000000.0,-5011000000.0,-2389000000.0,-2389000000.0,,,-50000000.0,-50000000.0,-136000000.0,-136000000.0,-99000000.0,32000000.0,-31000000.0,28000000.0,,-128000000.0,-128000000.0,-121000000.0,549000000.0,,84000000.0,-187000000.0,-187000000.0,93000000.0,93000000.0,2931000000.0,2919000000.0,12000000.0,-3460000000.0,SHOP,,,,,,,,,,,,,,,74000000.0,,,,,,,,,,,,,,,,,,,
2021-12-31,484923000.0,0.0,1541168000.0,-50788000.0,1287000.0,10466000.0,2502992000.0,2703597000.0,-7005000.0,-193600000.0,1649762000.0,1649762000.0,108594000.0,1541168000.0,1541168000.0,0.0,0.0,0.0,-2379073000.0,-2379073000.0,-31283000.0,-1587142000.0,5750224000.0,-7337366000.0,-709860000.0,-709860000.0,0.0,0.0,-50788000.0,-50788000.0,535711000.0,535711000.0,-129641000.0,89429000.0,-50151000.0,138175000.0,-266077000.0,-307094000.0,-307094000.0,-56037000.0,330763000.0,,30145000.0,190963000.0,190963000.0,66308000.0,66308000.0,-2855230000.0,-2859800000.0,4570000.0,2914659000.0,SHOP,,,,,,,,,,,,,,,43781000.0,,,,,,,,,,,,,,,,,,,
2020-12-31,382963000.0,907950000.0,2578591000.0,-41995000.0,,,2703597000.0,649916000.0,3221000.0,2050460000.0,3557350000.0,3557350000.0,70809000.0,2578591000.0,2578591000.0,907950000.0,907950000.0,907950000.0,-1931848000.0,-1931848000.0,,-1878802000.0,3721405000.0,-5600207000.0,-11051000.0,-11051000.0,-262000.0,-262000.0,-41733000.0,-41733000.0,424958000.0,424958000.0,-93715000.0,-59032000.0,-11404000.0,118588000.0,-112721000.0,-29146000.0,-29146000.0,4942000.0,246940000.0,,31623000.0,-44801000.0,-44801000.0,70060000.0,70060000.0,-136882000.0,-135193000.0,-1689000.0,319509000.0,SHOP,,,,,,,,,,,,,,,27282000.0,,,,,,,,,,,,,,,,,,,
2023-12-31,1121000000.0,0.0,,-546000000.0,84000000.0,523000000.0,3933000000.0,4835000000.0,,-902000000.0,-1146000000.0,-1146000000.0,268000000.0,-1412000000.0,,0.0,0.0,0.0,-1423000000.0,-1423000000.0,-11000000.0,-735000000.0,2987000000.0,-3722000000.0,-131000000.0,-131000000.0,,,-546000000.0,-546000000.0,1667000000.0,1667000000.0,-3049000000.0,,,-740000000.0,-472000000.0,-1257000000.0,-1250000000.0,-64000000.0,1384000000.0,,,-1019000000.0,-1019000000.0,3551000000.0,3551000000.0,10000000.0,-1000000.0,,854000000.0,AMD,-1412000000.0,0.0,-2000000.0,,,-1412000000.0,,0.0,,-519000000.0,-419000000.0,-580000000.0,3551000000.0,,,,0.0,-221000000.0,11000000.0,,,,,,,,,,,,,,,
2022-12-31,3115000000.0,991000000.0,,-450000000.0,85000000.0,685000000.0,4835000000.0,2535000000.0,,2300000000.0,-3264000000.0,-3264000000.0,167000000.0,-4108000000.0,,679000000.0,679000000.0,991000000.0,1999000000.0,1999000000.0,-16000000.0,1643000000.0,4310000000.0,-2667000000.0,822000000.0,-1544000000.0,,,-450000000.0,-450000000.0,3565000000.0,3565000000.0,-1846000000.0,,,1856000000.0,-1197000000.0,-1104000000.0,-1091000000.0,175000000.0,1081000000.0,,,-1505000000.0,-1505000000.0,4262000000.0,4262000000.0,78000000.0,62000000.0,,1320000000.0,AMD,-4108000000.0,-312000000.0,-2000000.0,,,-4108000000.0,,-312000000.0,,1310000000.0,931000000.0,-1401000000.0,4262000000.0,62000000.0,,,2366000000.0,546000000.0,16000000.0,,,,,,,,,,,,,,,
2021-12-31,3220000000.0,0.0,,-301000000.0,25000000.0,35000000.0,2535000000.0,1595000000.0,,940000000.0,-1895000000.0,-1895000000.0,104000000.0,-1999000000.0,,0.0,0.0,0.0,-686000000.0,-686000000.0,-7000000.0,-378000000.0,1678000000.0,-2056000000.0,0.0,0.0,,,-301000000.0,-301000000.0,3521000000.0,3521000000.0,-774000000.0,,,1334000000.0,-920000000.0,-632000000.0,-640000000.0,-2000000.0,379000000.0,,,308000000.0,308000000.0,463000000.0,463000000.0,-15000000.0,-56000000.0,,3162000000.0,AMD,-1999000000.0,0.0,,,,-1999000000.0,0.0,0.0,,808000000.0,801000000.0,-556000000.0,463000000.0,-56000000.0,,0.0,0.0,526000000.0,34000000.0,,,,,,,,,,,,,,,
2020-12-31,777000000.0,200000000.0,,-294000000.0,31000000.0,8000000.0,1595000000.0,1470000000.0,,125000000.0,6000000.0,6000000.0,85000000.0,-78000000.0,,0.0,0.0,200000000.0,-952000000.0,-952000000.0,,-658000000.0,192000000.0,-850000000.0,0.0,0.0,,,-294000000.0,-294000000.0,1071000000.0,1071000000.0,-931000000.0,,,-74000000.0,-231000000.0,-209000000.0,-219000000.0,22000000.0,274000000.0,,0.0,-1223000000.0,-1223000000.0,354000000.0,354000000.0,85000000.0,-2000000.0,,2490000000.0,AMD,-78000000.0,-200000000.0,-1000000.0,,,-78000000.0,200000000.0,-200000000.0,,-648000000.0,-513000000.0,-417000000.0,354000000.0,-2000000.0,,200000000.0,0.0,574000000.0,33000000.0,,,,,,,,,,,,,,,
2024-01-31,27021000000.0,0.0,,-1069000000.0,252000000.0,6549000000.0,7280000000.0,3389000000.0,,3891000000.0,-13633000000.0,-13633000000.0,403000000.0,-9533000000.0,,-1250000000.0,-1250000000.0,0.0,-10566000000.0,-10566000000.0,,-9414000000.0,9782000000.0,-19196000000.0,-83000000.0,-83000000.0,,,-1069000000.0,-1069000000.0,28090000000.0,28090000000.0,-3722000000.0,,,3556000000.0,-1522000000.0,-6172000000.0,-6172000000.0,-278000000.0,3549000000.0,,,-2489000000.0,-2489000000.0,1508000000.0,1508000000.0,-238000000.0,,,29760000000.0,NVDA,-9533000000.0,-1250000000.0,-2858000000.0,-395000000.0,,-9533000000.0,,-1250000000.0,514000000.0,1531000000.0,1531000000.0,-98000000.0,,-238000000.0,,,,2025000000.0,,,,,,,,,,,,,,,,
2023-01-31,3808000000.0,0.0,,-1833000000.0,254000000.0,1404000000.0,3389000000.0,1990000000.0,,1399000000.0,-11617000000.0,-11617000000.0,355000000.0,-10039000000.0,,0.0,0.0,0.0,7375000000.0,7375000000.0,,9257000000.0,21231000000.0,-11974000000.0,-49000000.0,-49000000.0,,,-1833000000.0,-1833000000.0,5641000000.0,5641000000.0,-2207000000.0,,,790000000.0,-1517000000.0,822000000.0,822000000.0,1346000000.0,2709000000.0,,,-2164000000.0,-2164000000.0,1544000000.0,1544000000.0,45000000.0,,,4368000000.0,NVDA,-10039000000.0,0.0,-1535000000.0,-398000000.0,-398000000.0,-10039000000.0,,0.0,252000000.0,-551000000.0,-551000000.0,-2554000000.0,,45000000.0,,,,1341000000.0,,,,,,,,,,,,,,,,
2022-01-31,8132000000.0,4977000000.0,,-976000000.0,246000000.0,396000000.0,1990000000.0,847000000.0,,1143000000.0,1865000000.0,1865000000.0,281000000.0,0.0,,3977000000.0,3977000000.0,4977000000.0,-9830000000.0,-9830000000.0,,-8591000000.0,16220000000.0,-24811000000.0,-263000000.0,-263000000.0,,,-976000000.0,-976000000.0,9108000000.0,9108000000.0,-3363000000.0,,,1149000000.0,-1715000000.0,-2215000000.0,-2215000000.0,47000000.0,2004000000.0,,,-406000000.0,-406000000.0,1174000000.0,1174000000.0,-100000000.0,,,9752000000.0,NVDA,0.0,-1000000000.0,-1994000000.0,-399000000.0,-399000000.0,0.0,,-1000000000.0,192000000.0,568000000.0,568000000.0,-774000000.0,,-100000000.0,,,,581000000.0,,,,,,,,,,,,,,,,
2021-01-31,4694000000.0,4968000000.0,,-1128000000.0,138000000.0,249000000.0,847000000.0,10896000000.0,,-10049000000.0,3804000000.0,3804000000.0,194000000.0,0.0,,4968000000.0,4968000000.0,4968000000.0,-19675000000.0,-19675000000.0,,-10023000000.0,9319000000.0,-19342000000.0,-8524000000.0,-8524000000.0,,,-1128000000.0,-1128000000.0,5822000000.0,5822000000.0,-703000000.0,163000000.0,,602000000.0,-394000000.0,-550000000.0,-550000000.0,-20000000.0,1397000000.0,,,-282000000.0,-282000000.0,1098000000.0,1098000000.0,,,,4332000000.0,NVDA,0.0,0.0,-963000000.0,-395000000.0,-395000000.0,0.0,,0.0,163000000.0,312000000.0,312000000.0,-524000000.0,,,,,,290000000.0,,-1128000000.0,,,,,,,,,,,,,,
2023-09-30,99584000000.0,5228000000.0,,-10959000000.0,3803000000.0,18679000000.0,30737000000.0,24977000000.0,,5760000000.0,-108488000000.0,-108488000000.0,,-77550000000.0,,-9901000000.0,-5923000000.0,5228000000.0,3705000000.0,3705000000.0,-1337000000.0,16001000000.0,45514000000.0,-29513000000.0,,,,,-10959000000.0,-10959000000.0,110543000000.0,110543000000.0,-6577000000.0,,-5684000000.0,-1889000000.0,,-417000000.0,-1688000000.0,-2227000000.0,10833000000.0,,,,,11519000000.0,11519000000.0,,,,96995000000.0,AAPL,-77550000000.0,-11151000000.0,-6012000000.0,-15025000000.0,-15025000000.0,-77550000000.0,-3978000000.0,-11151000000.0,3031000000.0,-1889000000.0,-1889000000.0,-1618000000.0,,,,,,,,,,,,,,,,,,,,,,
2022-09-30,111443000000.0,5465000000.0,,-10708000000.0,2865000000.0,19573000000.0,24977000000.0,35929000000.0,,-10952000000.0,-110749000000.0,-110749000000.0,,-89402000000.0,,-123000000.0,-4078000000.0,5465000000.0,-22354000000.0,-22354000000.0,-2086000000.0,-9560000000.0,67363000000.0,-76923000000.0,-306000000.0,-306000000.0,,,-10708000000.0,-10708000000.0,122151000000.0,122151000000.0,1200000000.0,478000000.0,-6499000000.0,9448000000.0,,-9343000000.0,-1823000000.0,1006000000.0,9038000000.0,,,895000000.0,895000000.0,11104000000.0,11104000000.0,,,,99803000000.0,AAPL,-89402000000.0,-9543000000.0,-6383000000.0,-14841000000.0,-14841000000.0,-89402000000.0,3955000000.0,-9543000000.0,6110000000.0,9448000000.0,9448000000.0,1484000000.0,,,,,,,,,,,,,,,,,,,,,,
2021-09-30,92953000000.0,20393000000.0,1105000000.0,-11085000000.0,2687000000.0,25385000000.0,35929000000.0,39789000000.0,,-3860000000.0,-93353000000.0,-93353000000.0,,-85971000000.0,1105000000.0,12665000000.0,11643000000.0,20393000000.0,-14545000000.0,-14545000000.0,-385000000.0,-3075000000.0,106483000000.0,-109558000000.0,-33000000.0,-33000000.0,,,-11085000000.0,-11085000000.0,104038000000.0,104038000000.0,-4911000000.0,1676000000.0,-8042000000.0,12326000000.0,,-14028000000.0,-10125000000.0,-4921000000.0,7906000000.0,,,-4774000000.0,-4774000000.0,11284000000.0,11284000000.0,,,,94680000000.0,AAPL,-85971000000.0,-8750000000.0,-5580000000.0,-14467000000.0,-14467000000.0,-85971000000.0,1022000000.0,-8750000000.0,7475000000.0,12326000000.0,12326000000.0,-2642000000.0,,,,,,,,,,,,,,,,,,,,,,
2020-09-30,73365000000.0,16091000000.0,880000000.0,-7309000000.0,3002000000.0,9501000000.0,39789000000.0,50224000000.0,,-10435000000.0,-86820000000.0,-86820000000.0,,-72358000000.0,880000000.0,2499000000.0,3462000000.0,16091000000.0,-4289000000.0,-4289000000.0,-909000000.0,5453000000.0,120391000000.0,-114938000000.0,-1524000000.0,-1524000000.0,,,-7309000000.0,-7309000000.0,80674000000.0,80674000000.0,5690000000.0,2081000000.0,-9588000000.0,-4062000000.0,,8470000000.0,6917000000.0,-97000000.0,6829000000.0,,,-215000000.0,-215000000.0,11056000000.0,11056000000.0,,,,57411000000.0,AAPL,-72358000000.0,-12629000000.0,-2880000000.0,-14081000000.0,-14081000000.0,-72358000000.0,-963000000.0,-12629000000.0,8916000000.0,-4062000000.0,-4062000000.0,-127000000.0,,,,,,,,,,,,,,,,,,,,,,
2023-01-31,63000000.0,0.0,,-23000000.0,6000000.0,8000000.0,271000000.0,273000000.0,-6000000.0,4000000.0,48000000.0,48000000.0,48000000.0,,,0.0,0.0,0.0,-130000000.0,-130000000.0,,-103000000.0,1308000000.0,-1411000000.0,-4000000.0,-4000000.0,-2000000.0,-2000000.0,-12000000.0,-12000000.0,86000000.0,86000000.0,-7000000.0,98000000.0,27000000.0,2000000.0,-13000000.0,-87000000.0,-87000000.0,97000000.0,677000000.0,,14000000.0,7000000.0,7000000.0,114000000.0,114000000.0,-1000000.0,,,-815000000.0,OKTA,,,,,,,,,-34000000.0,-6000000.0,-6000000.0,,114000000.0,-1000000.0,,,,8000000.0,,-9000000.0,,,,,,,,,,,,,,
2022-01-31,87000000.0,0.0,,-17000000.0,6000000.0,3000000.0,273000000.0,449000000.0,-2000000.0,-174000000.0,89000000.0,89000000.0,89000000.0,,,0.0,0.0,0.0,-367000000.0,-367000000.0,,-135000000.0,1712000000.0,-1847000000.0,-215000000.0,-215000000.0,0.0,0.0,-13000000.0,-13000000.0,104000000.0,104000000.0,140000000.0,295000000.0,23000000.0,28000000.0,-7000000.0,-175000000.0,-175000000.0,152000000.0,566000000.0,,0.0,-6000000.0,-6000000.0,108000000.0,108000000.0,-8000000.0,,,-848000000.0,OKTA,,-26000.0,2000.0,,,,,-26000.0,-24000000.0,7000000.0,7000000.0,,108000000.0,-8000000.0,,,,21000000.0,,-4000000.0,,,,,,,,,,,,,,
2021-01-31,111000000.0,1135000000.0,,-17000000.0,4000000.0,1000000.0,449000000.0,532000000.0,2000000.0,-85000000.0,1092000000.0,1092000000.0,71000000.0,,,1135000000.0,1135000000.0,1135000000.0,-1305000000.0,-1305000000.0,,-1288000000.0,741000000.0,-2029000000.0,0.0,0.0,0.0,0.0,-13000000.0,-13000000.0,128000000.0,128000000.0,38000000.0,105000000.0,19000000.0,10000000.0,-13000000.0,-66000000.0,-66000000.0,119000000.0,195000000.0,,3000000.0,-1000000.0,-1000000.0,37000000.0,37000000.0,3000000.0,,,-266000000.0,OKTA,,-446000.0,-114000000.0,,,,,-446000.0,-17000000.0,4000000.0,4000000.0,,37000000.0,1000000.0,,,,6000000.0,,-4000000.0,0.0,,,,,,,,,,,,,
2023-12-31,905000000.0,,,-39000000.0,1000000.0,50000000.0,1413000000.0,1649000000.0,4000000.0,-240000000.0,60000000.0,60000000.0,60000000.0,,,,,,-1244000000.0,-1244000000.0,-559000000.0,-251000000.0,5590000000.0,-5841000000.0,-395000000.0,-395000000.0,,,-39000000.0,-39000000.0,944000000.0,944000000.0,195000000.0,60000000.0,-50000000.0,69000000.0,,116000000.0,116000000.0,-158000000.0,615000000.0,,1378000000.0,-1000000.0,-1000000.0,70000000.0,70000000.0,-1367000000.0,-1361000000.0,-6000000.0,132000000.0,SHOP,,,,,,,,,,,,,,,80000000.0,,,,,,,,,,,,,,,,,,,
2022-12-31,-186000000.0,,0.0,-50000000.0,1000000.0,27000000.0,1649000000.0,2503000000.0,-17000000.0,-837000000.0,18000000.0,18000000.0,18000000.0,0.0,0.0,,,,-719000000.0,-719000000.0,-159000000.0,1879000000.0,6890000000.0,-5011000000.0,-2389000000.0,-2389000000.0,,,-50000000.0,-50000000.0,-136000000.0,-136000000.0,-99000000.0,32000000.0,-31000000.0,28000000.0,,-128000000.0,-128000000.0,-121000000.0,549000000.0,,84000000.0,-187000000.0,-187000000.0,93000000.0,93000000.0,2931000000.0,2919000000.0,12000000.0,-3460000000.0,SHOP,,,,,,,,,,,,,,,74000000.0,,,,,,,,,,,,,,,,,,,
2021-12-31,484923000.0,0.0,1541168000.0,-50788000.0,1287000.0,10466000.0,2502992000.0,2703597000.0,-7005000.0,-193600000.0,1649762000.0,1649762000.0,108594000.0,1541168000.0,1541168000.0,0.0,0.0,0.0,-2379073000.0,-2379073000.0,-31283000.0,-1587142000.0,5750224000.0,-7337366000.0,-709860000.0,-709860000.0,0.0,0.0,-50788000.0,-50788000.0,535711000.0,535711000.0,-129641000.0,89429000.0,-50151000.0,138175000.0,-266077000.0,-307094000.0,-307094000.0,-56037000.0,330763000.0,,30145000.0,190963000.0,190963000.0,66308000.0,66308000.0,-2855230000.0,-2859800000.0,4570000.0,2914659000.0,SHOP,,,,,,,,,,,,,,,43781000.0,,,,,,,,,,,,,,,,,,,
2020-12-31,382963000.0,907950000.0,2578591000.0,-41995000.0,,,2703597000.0,649916000.0,3221000.0,2050460000.0,3557350000.0,3557350000.0,70809000.0,2578591000.0,2578591000.0,907950000.0,907950000.0,907950000.0,-1931848000.0,-1931848000.0,,-1878802000.0,3721405000.0,-5600207000.0,-11051000.0,-11051000.0,-262000.0,-262000.0,-41733000.0,-41733000.0,424958000.0,424958000.0,-93715000.0,-59032000.0,-11404000.0,118588000.0,-112721000.0,-29146000.0,-29146000.0,4942000.0,246940000.0,,31623000.0,-44801000.0,-44801000.0,70060000.0,70060000.0,-136882000.0,-135193000.0,-1689000.0,319509000.0,SHOP,,,,,,,,,,,,,,,27282000.0,,,,,,,,,,,,,,,,,,,
2023-10-31,7594000000.0,991000000.0,227000000.0,-1106000000.0,205000000.0,1006000000.0,6233000000.0,2100000000.0,,4133000000.0,-3032000000.0,-3032000000.0,,-1962000000.0,227000000.0,84000000.0,-7000000.0,,-1535000000.0,-1535000000.0,,-404000000.0,1268000000.0,-1672000000.0,-25000000.0,-25000000.0,,,,,8700000000.0,8700000000.0,775000000.0,-167000000.0,-48000000.0,-158000000.0,,903000000.0,903000000.0,40000000.0,490000000.0,,,24000000.0,24000000.0,515000000.0,515000000.0,,,,6856000000.0,AMAT,-2189000000.0,-907000000.0,-179000000.0,-975000000.0,-975000000.0,-2189000000.0,91000000.0,-7000000.0,38000000.0,-158000000.0,-138000000.0,207000000.0,471000000.0,,,991000000.0,,,,-1106000000.0,,-900000000.0,-20000000.0,-20000000.0,44000000.0,44000000.0,0.0,,,,,,,
2022-10-31,4612000000.0,0.0,199000000.0,-787000000.0,205000000.0,1869000000.0,2100000000.0,5101000000.0,,-3001000000.0,-7043000000.0,-7043000000.0,,-5904000000.0,199000000.0,0.0,0.0,0.0,-1357000000.0,-1357000000.0,,-129000000.0,1363000000.0,-1492000000.0,-441000000.0,-441000000.0,,,,,5399000000.0,5399000000.0,-1792000000.0,1039000000.0,-16000000.0,-151000000.0,,-1109000000.0,-1109000000.0,36000000.0,413000000.0,,,-223000000.0,-223000000.0,444000000.0,444000000.0,-4000000.0,,,6525000000.0,AMAT,-6103000000.0,0.0,-266000000.0,-873000000.0,-873000000.0,-6103000000.0,0.0,0.0,35000000.0,-151000000.0,390000000.0,-1590000000.0,404000000.0,,,0.0,,,,-787000000.0,,0.0,-541000000.0,-541000000.0,40000000.0,40000000.0,-4000000.0,,,,,,,
2021-10-31,4774000000.0,0.0,175000000.0,-668000000.0,205000000.0,851000000.0,5101000000.0,5466000000.0,,-365000000.0,-4591000000.0,-4591000000.0,,-3575000000.0,175000000.0,0.0,0.0,0.0,-1216000000.0,-1216000000.0,,-536000000.0,1471000000.0,-2007000000.0,-12000000.0,-12000000.0,,,,,5442000000.0,5442000000.0,-1344000000.0,755000000.0,-602000000.0,861000000.0,,-1989000000.0,-1989000000.0,-70000000.0,346000000.0,,,80000000.0,80000000.0,394000000.0,394000000.0,148000000.0,,,5888000000.0,AMAT,-3750000000.0,0.0,-178000000.0,-838000000.0,-838000000.0,-3750000000.0,0.0,0.0,36000000.0,861000000.0,465000000.0,-405000000.0,345000000.0,,,0.0,,,,-668000000.0,,0.0,396000000.0,396000000.0,49000000.0,49000000.0,148000000.0,,,,,,,
2020-10-31,3382000000.0,2979000000.0,174000000.0,-422000000.0,219000000.0,542000000.0,5466000000.0,3129000000.0,,2337000000.0,-1337000000.0,-1337000000.0,,-475000000.0,174000000.0,97000000.0,97000000.0,2979000000.0,-130000000.0,-130000000.0,,399000000.0,1754000000.0,-1355000000.0,-107000000.0,-107000000.0,,,,,3804000000.0,3804000000.0,-638000000.0,-16000000.0,-161000000.0,317000000.0,,-427000000.0,-427000000.0,60000000.0,307000000.0,,,80000000.0,80000000.0,376000000.0,376000000.0,,,,3619000000.0,AMAT,-649000000.0,-2882000000.0,-172000000.0,-787000000.0,-787000000.0,-649000000.0,,-2882000000.0,70000000.0,317000000.0,327000000.0,-421000000.0,320000000.0,,,,,,,-422000000.0,,,-10000000.0,-10000000.0,56000000.0,56000000.0,0.0,,,,,,,
2023-03-31,-203100000.0,3248900000.0,65400000.0,-204200000.0,79000000.0,176800000.0,1234600000.0,2195400000.0,-15900000.0,-944900000.0,1930300000.0,1930300000.0,,65400000.0,65400000.0,1882100000.0,1882100000.0,3248900000.0,-2876300000.0,-2876300000.0,-8100000.0,646900000.0,662600000.0,-15700000.0,-3310900000.0,-3310900000.0,,,-204200000.0,-204200000.0,1100000.0,1100000.0,-855800000.0,-141900000.0,-492800000.0,-405100000.0,77200000.0,106800000.0,106800000.0,177800000.0,327300000.0,,79100000.0,-410800000.0,-410800000.0,1776700000.0,1776700000.0,,,,-1124700000.0,TTWO,0.0,-1366800000.0,-17200000.0,,,0.0,,-1366800000.0,,-405100000.0,-405100000.0,,90300000.0,,,,,,,,,,,,1686400000.0,1686400000.0,,31500000.0,,,,,,
2022-03-31,99400000.0,0.0,19700000.0,-158600000.0,0.0,31000000.0,2195400000.0,2060200000.0,-5200000.0,140400000.0,-256800000.0,-256800000.0,,-180300000.0,19700000.0,-200000.0,-200000.0,0.0,139200000.0,139200000.0,800000.0,458300000.0,1226900000.0,-768600000.0,-161300000.0,-161300000.0,,,-158600000.0,-158600000.0,258000000.0,258000000.0,-681600000.0,-30900000.0,-387000000.0,-45600000.0,-200200000.0,-17900000.0,-17900000.0,57200000.0,134600000.0,,70600000.0,8100000.0,8100000.0,257100000.0,257100000.0,-6015000.0,,,418000000.0,TTWO,-200000000.0,-200000.0,-76300000.0,,,-200000000.0,,-200000.0,,-45600000.0,-45600000.0,4106000.0,61200000.0,-6015000.0,,,,,,,,,,,195900000.0,195900000.0,,-6000000.0,,,,,,
2021-03-31,843400000.0,0.0,14200000.0,-68900000.0,1900000.0,70700000.0,2060200000.0,1993400000.0,18600000.0,48200000.0,-57400000.0,-57400000.0,,14200000.0,14200000.0,0.0,0.0,0.0,-806800000.0,-806800000.0,,-635400000.0,593800000.0,-1229200000.0,-102500000.0,-102500000.0,,,-68900000.0,-68900000.0,912300000.0,912300000.0,-25000000.0,152500000.0,-221400000.0,78700000.0,-82000000.0,47200000.0,47200000.0,36100000.0,101800000.0,,39100000.0,10600000.0,10600000.0,202400000.0,202400000.0,-41588000.0,,,588900000.0,TTWO,0.0,0.0,-71600000.0,,,0.0,,0.0,,78700000.0,78700000.0,2503000.0,56300000.0,-41588000.0,,,,,,,,,,,146100000.0,146100000.0,,-41600000.0,,,,,,
2020-03-31,632294000.0,,10515000.0,-53384000.0,4750000.0,27998000.0,1993392000.0,1391986000.0,-10868000.0,612274000.0,-77453000.0,-77453000.0,,10515000.0,10515000.0,,,,4049000.0,4049000.0,,69473000.0,597355000.0,-527882000.0,-12040000.0,-12040000.0,0.0,0.0,-53384000.0,-53384000.0,685678000.0,685678000.0,-239830000.0,-23280000.0,-48434000.0,299733000.0,-280854000.0,-195484000.0,-195484000.0,30111000.0,257881000.0,,0.0,-3486000.0,-3486000.0,236543000.0,236543000.0,,,,404459000.0,TTWO,0.0,,-87968000.0,,,0.0,,,,299733000.0,299733000.0,8489000.0,47628000.0,,,,,,,,,,,,188915000.0,188915000.0,,,,,,,,
2023-01-31,495799000.0,0.0,0.0,-49840000.0,,6550000.0,956731000.0,1102534000.0,-933000.0,-144870000.0,-92624000.0,-92624000.0,80824000.0,0.0,0.0,0.0,0.0,0.0,-597885000.0,-597885000.0,,-185436000.0,3715885000.0,-3901321000.0,-362609000.0,-362609000.0,-24712000.0,-24712000.0,-25128000.0,-25128000.0,545639000.0,545639000.0,289526000.0,419194000.0,,82543000.0,-2904000.0,-166965000.0,-166965000.0,105303000.0,861533000.0,,,-26664000.0,-26664000.0,63535000.0,63535000.0,,,,-797526000.0,SNOW,,,-173448000.0,,,,,,-42342000.0,8024000.0,8024000.0,,,,,,,74519000.0,,-24012000.0,,,,,,,,46435000.0,0.0,0.0,3497000.0,,,
2022-01-31,56852000.0,0.0,0.0,-53327000.0,,1482000.0,1102534000.0,835193000.0,-236000.0,267577000.0,178198000.0,178198000.0,179263000.0,0.0,0.0,0.0,0.0,0.0,-20800000.0,-20800000.0,,32527000.0,4282865000.0,-4250338000.0,0.0,0.0,-37106000.0,-37106000.0,-16221000.0,-16221000.0,110179000.0,110179000.0,68427000.0,430344000.0,,87143000.0,-159159000.0,-251652000.0,-251652000.0,75443000.0,605095000.0,,,-717000.0,-717000.0,21498000.0,21498000.0,,,,-679948000.0,SNOW,,,-1065000.0,,,,,,-38249000.0,7371000.0,7371000.0,,,,,,,79772000.0,,-12772000.0,,,,,,,,-27621000.0,0.0,0.0,48002000.0,,,
2021-01-31,-94121000.0,2090000.0,4720857000.0,-48704000.0,,1195000.0,835193000.0,141976000.0,-11000.0,693228000.0,4775290000.0,4775290000.0,53507000.0,4242284000.0,4242284000.0,2090000.0,2090000.0,2090000.0,-4036645000.0,-4036645000.0,,-3981906000.0,877946000.0,-4859852000.0,-6035000.0,-6035000.0,-13667000.0,-13667000.0,-35037000.0,-35037000.0,-45417000.0,-45417000.0,106892000.0,261437000.0,,55374000.0,-62349000.0,-116289000.0,-116289000.0,66926000.0,301441000.0,,,-30000.0,-30000.0,9826000.0,9826000.0,,,,-539102000.0,SNOW,0.0,,-1164000.0,,,0.0,,,-31281000.0,-2878000.0,-2878000.0,,,,,,,58252000.0,,-5293000.0,,,,,,,,0.0,478573000.0,478573000.0,8630000.0,,,
2023-12-31,4433000000.0,75000000.0,,-1527000000.0,,,12691000000.0,14647000000.0,30000000.0,-1964000000.0,-5487000000.0,-5487000000.0,45000000.0,,,-5141000000.0,-5141000000.0,75000000.0,-2437000000.0,-2437000000.0,-158000000.0,-709000000.0,15739000000.0,-16448000000.0,-70000000.0,-70000000.0,,,-1500000000.0,-1527000000.0,5960000000.0,5960000000.0,4089000000.0,2479000000.0,389000000.0,2451000000.0,,764000000.0,-128000000.0,1518000000.0,690000000.0,,46000000.0,,,1861000000.0,1861000000.0,-2000000.0,,,-2242000000.0,BA,,-5216000000.0,-391000000.0,,,,,-5216000000.0,-313000000.0,1672000000.0,1672000000.0,-1681000000.0,,,,,,779000000.0,,,27000000.0,,,,,,,,,,,-22000000.0,,
2022-12-31,2290000000.0,34000000.0,,-1222000000.0,,,14614000000.0,8104000000.0,-73000000.0,6616000000.0,-1266000000.0,-1266000000.0,50000000.0,,,-1276000000.0,-1276000000.0,34000000.0,4370000000.0,4370000000.0,-11000000.0,5568000000.0,10619000000.0,-5051000000.0,,,,,-1187000000.0,-1222000000.0,3512000000.0,3512000000.0,4139000000.0,384000000.0,-591000000.0,3794000000.0,,290000000.0,142000000.0,1616000000.0,725000000.0,,112000000.0,,,1979000000.0,1979000000.0,-6000000.0,,,-5053000000.0,BA,,-1310000000.0,-40000000.0,,,,,-1310000000.0,-158000000.0,838000000.0,838000000.0,420000000.0,,,,,,2956000000.0,,,35000000.0,,,,,,,,,,,-33000000.0,,
2021-12-31,-4396000000.0,9795000000.0,,-980000000.0,,,8052000000.0,7835000000.0,-39000000.0,308000000.0,-5600000000.0,-5600000000.0,42000000.0,,,-5576000000.0,-5576000000.0,9795000000.0,9324000000.0,9324000000.0,5000000.0,9776000000.0,45489000000.0,-35713000000.0,-6000000.0,-6000000.0,,,-451000000.0,-980000000.0,-3416000000.0,-3416000000.0,-6977000000.0,2570000000.0,345000000.0,-7470000000.0,2505000000.0,-1089000000.0,-713000000.0,1593000000.0,833000000.0,,98000000.0,,,2144000000.0,2144000000.0,3183000000.0,,,-4290000000.0,BA,,-15371000000.0,-66000000.0,,,,,-15371000000.0,-206000000.0,-3783000000.0,-3783000000.0,-1127000000.0,,3460000000.0,,,,-3687000000.0,,,529000000.0,,,,,,,,,,,-52000000.0,,
2020-12-31,-19713000000.0,47248000000.0,,-1303000000.0,,,7752000000.0,9571000000.0,85000000.0,-1821000000.0,34955000000.0,34955000000.0,36000000.0,,,36250000000.0,36250000000.0,47248000000.0,-18366000000.0,-18366000000.0,-18000000.0,-17341000000.0,20275000000.0,-37616000000.0,,,,,-1007000000.0,-1303000000.0,-18410000000.0,-18410000000.0,-17335000000.0,-4195000000.0,372000000.0,-4289000000.0,-1060000000.0,2001000000.0,909000000.0,1669000000.0,250000000.0,,410000000.0,,,2246000000.0,2246000000.0,6291000000.0,,,-11941000000.0,BA,,-10998000000.0,-173000000.0,-1158000000.0,-1158000000.0,,,-10998000000.0,-222000000.0,-5363000000.0,-5363000000.0,-11002000000.0,,6493000000.0,,,,1074000000.0,,,296000000.0,,,,,,,,,,,-83000000.0,,
2023-12-31,110129000.0,0.0,0.0,-124813000.0,916000.0,2723000.0,318983000.0,151807000.0,-15000.0,167191000.0,-468903000.0,-468903000.0,43387000.0,-488455000.0,0.0,-2260000.0,-2260000.0,0.0,401152000.0,401152000.0,-2500000.0,627252000.0,979716000.0,-352464000.0,-99023000.0,-99023000.0,0.0,0.0,236000.0,,234942000.0,234942000.0,-22442000.0,20896000.0,,-11077000.0,-9593000.0,-22668000.0,-22668000.0,14285000.0,88347000.0,,1140000.0,-886000.0,-886000.0,117866000.0,117866000.0,,,,19409000.0,DOCN,-488455000.0,-2260000.0,-21575000.0,,,-488455000.0,0.0,-2260000.0,,,,,90466000.0,,15357000.0,,,,,-124813000.0,236000.0,0.0,,,27400000.0,27400000.0,,,,,1866000.0,,,
2022-12-31,74935000.0,0.0,0.0,-120217000.0,475000.0,4567000.0,151807000.0,1715425000.0,-249000.0,-1563369000.0,-610363000.0,-610363000.0,19435000.0,-600000000.0,0.0,0.0,0.0,0.0,-1148158000.0,-1148158000.0,-5400000.0,-718352000.0,978388000.0,-1696740000.0,-305170000.0,-305170000.0,-4915000.0,-4915000.0,981000.0,,195152000.0,195152000.0,-15191000.0,7378000.0,,5500000.0,-1424000.0,-26645000.0,-26645000.0,19463000.0,105829000.0,,1635000.0,-1835000.0,-1835000.0,102232000.0,102232000.0,407000.0,,,-27804000.0,DOCN,-600000000.0,0.0,-29798000.0,,,-600000000.0,0.0,0.0,,,,,83814000.0,,16551000.0,0.0,,,,-115302000.0,981000.0,0.0,,,18418000.0,18418000.0,,,0.0,0.0,-6135000.0,,1549000.0,
2021-12-31,24010000.0,1462195000.0,724384000.0,-109099000.0,2344000.0,921000.0,1715425000.0,102537000.0,5000.0,1612883000.0,1593379000.0,1593379000.0,23339000.0,374384000.0,724384000.0,1198843000.0,1262043000.0,1462195000.0,-113605000.0,-113605000.0,,0.0,0.0,0.0,-5000000.0,-5000000.0,-5636000.0,-5636000.0,494000.0,,133109000.0,133109000.0,-7858000.0,2257000.0,,9439000.0,1130000.0,-20684000.0,-20684000.0,1321000.0,61577000.0,,285000.0,-3171000.0,-3171000.0,88372000.0,88372000.0,2879000.0,,,-19503000.0,DOCN,-350000000.0,-263352000.0,-3187000.0,,,-350000000.0,-63200000.0,-200152000.0,,,,,,-556000.0,9207000.0,0.0,,,,-103463000.0,494000.0,-63200000.0,,,,,,,0.0,0.0,0.0,,0.0,
2020-12-31,-57348000.0,229925000.0,49810000.0,-115806000.0,12398000.0,605000.0,102537000.0,35886000.0,-200000.0,66851000.0,124026000.0,124026000.0,13905000.0,-1403000.0,13905000.0,53919000.0,77025000.0,168531000.0,-115633000.0,-115633000.0,,0.0,0.0,0.0,0.0,0.0,-5118000.0,-5118000.0,173000.0,,58458000.0,58458000.0,-29630000.0,-2363000.0,,2383000.0,-11198000.0,-18452000.0,-18452000.0,1160000.0,29456000.0,,1222000.0,71000.0,71000.0,75574000.0,75574000.0,13084000.0,,,-43568000.0,DOCN,-1403000.0,-176006000.0,7795000.0,,,-1403000.0,-23106000.0,-91506000.0,,,,,,12825000.0,11089000.0,61394000.0,,,,-110688000.0,173000.0,-84500000.0,,,,,,,49810000.0,49810000.0,0.0,,0.0,
2023-12-31,7254500000.0,5221100000.0,,-2357400000.0,1286900000.0,2992900000.0,4579300000.0,2583800000.0,-57800000.0,2053300000.0,-4374100000.0,-4374100000.0,259800000.0,-3054300000.0,,2992800000.0,2780000000.0,5221100000.0,-3184500000.0,-3184500000.0,-676100000.0,,,,-245900000.0,-441200000.0,,,94900000.0,,9611900000.0,9611900000.0,-108000000.0,-220300000.0,,256600000.0,,-161000000.0,-161000000.0,-112700000.0,175200000.0,,,-686400000.0,-686400000.0,1978200000.0,1978200000.0,-103200000.0,,,8468800000.0,MCD,-3054300000.0,-2441100000.0,-39600000.0,-4532800000.0,-4532800000.0,-3054300000.0,212800000.0,-2441100000.0,,50400000.0,50400000.0,16700000.0,,,,,195300000.0,206200000.0,,-2357400000.0,94900000.0,,,,,,,,,,,,,-103200000.0
2022-12-31,5487500000.0,3374500000.0,,-1899200000.0,1183500000.0,3023500000.0,2583800000.0,4709200000.0,-253800000.0,-1871600000.0,-6580200000.0,-6580200000.0,248200000.0,-3896000000.0,,1197600000.0,1172100000.0,3374500000.0,-2678100000.0,-2678100000.0,-456700000.0,,,,-361100000.0,-807000000.0,,,38900000.0,,7386700000.0,7386700000.0,-644600000.0,-546700000.0,,160600000.0,,-264100000.0,-264100000.0,-570400000.0,166700000.0,,,-345700000.0,-345700000.0,1870600000.0,1870600000.0,732700000.0,,,6177400000.0,MCD,-3896000000.0,-2202400000.0,38200000.0,-4168200000.0,-4168200000.0,-3896000000.0,25500000.0,-2202400000.0,,31300000.0,31300000.0,5600000.0,,,,,445900000.0,129300000.0,,-1899200000.0,38900000.0,,-546700000.0,-546700000.0,,,,,,,,,,732700000.0
2021-12-31,7101500000.0,1154400000.0,,-2040000000.0,1197300000.0,2403900000.0,4709200000.0,3449100000.0,-120100000.0,1380200000.0,-5595600000.0,-5595600000.0,285700000.0,-845500000.0,,-1070500000.0,-1085600000.0,1154400000.0,-2165700000.0,-2165700000.0,-53900000.0,,,,-178000000.0,-374200000.0,,,106200000.0,,9141500000.0,9141500000.0,454200000.0,-302500000.0,,509000000.0,,309900000.0,309900000.0,-339100000.0,139200000.0,,,-428300000.0,-428300000.0,1868100000.0,1868100000.0,-97800000.0,,,7545200000.0,MCD,-845500000.0,-2240000000.0,-46700000.0,-3918600000.0,-3918600000.0,-845500000.0,15100000.0,-2240000000.0,,225000000.0,225000000.0,-62200000.0,,,,,196200000.0,284000000.0,,-2040000000.0,106200000.0,,-302500000.0,-302500000.0,,,,,,,,,,-97800000.0
2020-12-31,4624400000.0,5543000000.0,,-1640800000.0,1136000000.0,1441900000.0,3449100000.0,898500000.0,80200000.0,2470400000.0,-2249000000.0,-2249000000.0,295500000.0,-907800000.0,,2238200000.0,3131300000.0,5543000000.0,-1545800000.0,-1545800000.0,57400000.0,,,,10200000.0,-66100000.0,,,27400000.0,,6265200000.0,6265200000.0,-212100000.0,,,-136700000.0,,-6800000.0,-6800000.0,-75200000.0,92400000.0,,,6400000.0,6400000.0,1751400000.0,1751400000.0,-28200000.0,,,4730500000.0,MCD,-907800000.0,-2411700000.0,-122000000.0,-3752900000.0,-3752900000.0,-907800000.0,-893100000.0,-2411700000.0,,-181100000.0,-137500000.0,-68600000.0,,,,,76300000.0,44400000.0,,-1640800000.0,27400000.0,,-43600000.0,-43600000.0,,,,,,,,,,-28200000.0
2023-01-31,327806000.0,,,-638657000.0,,,1154867000.0,1259871000.0,-34043000.0,-70961000.0,-467487000.0,-467487000.0,11704000.0,-479159000.0,,,,,-569937000.0,-569937000.0,20916000.0,47804000.0,,,0.0,0.0,,,-638657000.0,-638657000.0,966463000.0,966463000.0,-596992000.0,139425000.0,-36518000.0,-5930000.0,-180534000.0,,,-23337000.0,78075000.0,,407913000.0,3042000.0,3042000.0,291791000.0,291791000.0,-48829000.0,,,854800000.0,LULU,-479159000.0,,-32000.0,,,-479159000.0,,,-2925000.0,-71294000.0,-107280000.0,-510510000.0,,-38649000.0,,,,65364000.0,-10180000.0,,,,35986000.0,35986000.0,,,,,,,,,,
2022-01-31,994606000.0,,,-394502000.0,,,1259871000.0,1150517000.0,-6876000.0,116230000.0,-844987000.0,-844987000.0,18194000.0,-862411000.0,,,,,-427891000.0,-427891000.0,-10000000.0,-23389000.0,,-23389000.0,0.0,0.0,,,-394502000.0,-394502000.0,1389108000.0,1389108000.0,129131000.0,160208000.0,-17556000.0,342311000.0,-62296000.0,,,-18699000.0,69137000.0,,0.0,-5180000.0,-5180000.0,224206000.0,224206000.0,15191000.0,,,975322000.0,LULU,-862411000.0,,-770000.0,,,-862411000.0,,,30073000.0,238433000.0,117655000.0,-323609000.0,,15191000.0,,,,103878000.0,0.0,,,,120778000.0,120778000.0,,,,,,,,,,
2021-01-31,574110000.0,,,-229226000.0,,,1150517000.0,1093505000.0,29996000.0,27016000.0,-80788000.0,-80788000.0,15263000.0,-96051000.0,,,,,-695532000.0,-695532000.0,882000.0,-14607000.0,,-14607000.0,-452581000.0,-452581000.0,,,-229226000.0,-229226000.0,803336000.0,803336000.0,-47549000.0,54537000.0,-49056000.0,157699000.0,-124965000.0,,,-13696000.0,50797000.0,,0.0,34908000.0,34908000.0,185478000.0,185478000.0,4485000.0,,,588913000.0,LULU,-96051000.0,,-32388000.0,,,-96051000.0,,,10784000.0,58538000.0,82663000.0,-96548000.0,,4485000.0,,,,99161000.0,0.0,,,,-24125000.0,-24125000.0,,,,,,,,,,
2023-07-31,19037000000.0,0.0,700000000.0,-849000000.0,376000000.0,3571000000.0,11627000000.0,8579000000.0,-105000000.0,3153000000.0,-11626000000.0,-11626000000.0,,-4190000000.0,700000000.0,-1102000000.0,-500000000.0,0.0,-5107000000.0,-5107000000.0,-26000000.0,-3934000000.0,7122000000.0,-11056000000.0,-301000000.0,-301000000.0,,,-846000000.0,-849000000.0,19886000000.0,19886000000.0,5042000000.0,4195000000.0,5000000.0,27000000.0,,1836000000.0,734000000.0,,2353000000.0,,,-2085000000.0,-2085000000.0,1726000000.0,1726000000.0,206000000.0,,,12613000000.0,CSCO,-4890000000.0,-500000000.0,-32000000.0,-6302000000.0,-6302000000.0,-4890000000.0,-602000000.0,-500000000.0,48000000.0,27000000.0,27000000.0,-1069000000.0,1726000000.0,,31000000.0,,,,,,3000000.0,,,,,,,,,,,,,206000000.0
2022-07-31,12749000000.0,1049000000.0,660000000.0,-477000000.0,355000000.0,3663000000.0,8579000000.0,9942000000.0,-180000000.0,-1183000000.0,-15962000000.0,-15962000000.0,,-7721000000.0,660000000.0,-1895000000.0,-2501000000.0,1049000000.0,1553000000.0,1553000000.0,-15000000.0,2327000000.0,8583000000.0,-6256000000.0,-373000000.0,-373000000.0,,,-386000000.0,-477000000.0,13226000000.0,13226000000.0,-1722000000.0,211000000.0,-1615000000.0,-55000000.0,,232000000.0,-1009000000.0,,1886000000.0,,,-309000000.0,-309000000.0,1957000000.0,1957000000.0,-453000000.0,,,11812000000.0,CSCO,-8381000000.0,-3550000000.0,-122000000.0,-6224000000.0,-6224000000.0,-8381000000.0,606000000.0,-3550000000.0,535000000.0,-55000000.0,-55000000.0,-1030000000.0,1957000000.0,,55000000.0,,,,,,91000000.0,,,,,,,,,,,,,-453000000.0
2021-07-31,14762000000.0,0.0,643000000.0,-692000000.0,438000000.0,3604000000.0,9942000000.0,11812000000.0,58000000.0,-1928000000.0,-12097000000.0,-12097000000.0,,-2870000000.0,643000000.0,-3005000000.0,-3000000000.0,0.0,-5285000000.0,-5285000000.0,-56000000.0,2473000000.0,11976000000.0,-9503000000.0,-7038000000.0,-7038000000.0,,,-664000000.0,-692000000.0,15454000000.0,15454000000.0,1984000000.0,1654000000.0,-797000000.0,-53000000.0,,1470000000.0,-107000000.0,,1761000000.0,,,-384000000.0,-384000000.0,1862000000.0,1862000000.0,-354000000.0,,,10591000000.0,CSCO,-3513000000.0,-3000000000.0,-59000000.0,-6163000000.0,-6163000000.0,-3513000000.0,-5000000.0,-3000000000.0,-46000000.0,-53000000.0,-53000000.0,-244000000.0,1862000000.0,,-6000000.0,,194000000.0,,,,28000000.0,,,,,,,,,,,,,-354000000.0
2020-07-31,14656000000.0,0.0,655000000.0,-770000000.0,603000000.0,3116000000.0,11812000000.0,11772000000.0,-30000000.0,70000000.0,-18856000000.0,-18856000000.0,,-2731000000.0,655000000.0,-10190000000.0,-6720000000.0,0.0,3500000000.0,3500000000.0,-10000000.0,4428000000.0,13830000000.0,-9402000000.0,-327000000.0,-327000000.0,,,-591000000.0,-770000000.0,15426000000.0,15426000000.0,918000000.0,1611000000.0,96000000.0,141000000.0,,-904000000.0,-107000000.0,,1569000000.0,,,-38000000.0,-38000000.0,1808000000.0,1808000000.0,-138000000.0,,,11214000000.0,CSCO,-3386000000.0,-6720000000.0,81000000.0,-6016000000.0,-6016000000.0,-3386000000.0,-3470000000.0,-6720000000.0,-110000000.0,141000000.0,141000000.0,84000000.0,1808000000.0,-138000000.0,93000000.0,,224000000.0,,,,179000000.0,,-322000000.0,-322000000.0,,,,,,,,,,-138000000.0
2023-05-31,8470000000.0,33994000000.0,1192000000.0,-8695000000.0,3250000000.0,3009000000.0,9765000000.0,21383000000.0,-209000000.0,-11409000000.0,7910000000.0,7910000000.0,,-1311000000.0,1192000000.0,12944000000.0,12444000000.0,33494000000.0,-36484000000.0,-36484000000.0,,-68000000.0,1113000000.0,-1181000000.0,-27721000000.0,-27721000000.0,,,,,17165000000.0,17165000000.0,513000000.0,781000000.0,,-434000000.0,317000000.0,-151000000.0,-151000000.0,661000000.0,3547000000.0,,,-2167000000.0,-2167000000.0,6108000000.0,6108000000.0,,,,8503000000.0,ORCL,-2503000000.0,-21050000000.0,-55000000.0,-3668000000.0,-3668000000.0,-2503000000.0,500000000.0,-21050000000.0,,-434000000.0,-281000000.0,,2526000000.0,,,500000000.0,,,,-8695000000.0,,,-153000000.0,-153000000.0,3582000000.0,3582000000.0,,,,,,,,
2022-05-31,5028000000.0,0.0,482000000.0,-4511000000.0,2735000000.0,2567000000.0,21383000000.0,30098000000.0,-348000000.0,-8367000000.0,-29126000000.0,-29126000000.0,,-16859000000.0,482000000.0,-8250000000.0,-8250000000.0,0.0,11220000000.0,11220000000.0,,15879000000.0,26151000000.0,-10272000000.0,-148000000.0,-148000000.0,,,,,9539000000.0,9539000000.0,-1987000000.0,7000000.0,,-1131000000.0,11000000.0,-874000000.0,-874000000.0,220000000.0,2613000000.0,,,-1146000000.0,-1146000000.0,3122000000.0,3122000000.0,,,,6717000000.0,ORCL,-17341000000.0,-8250000000.0,-560000000.0,-3457000000.0,-3457000000.0,-17341000000.0,0.0,-8250000000.0,,-1131000000.0,-733000000.0,,1972000000.0,,,0.0,,,,-4511000000.0,,,-398000000.0,-398000000.0,1150000000.0,1150000000.0,,,,,,,,
2021-05-31,13752000000.0,14934000000.0,1786000000.0,-2135000000.0,2408000000.0,3189000000.0,30098000000.0,37239000000.0,448000000.0,-7589000000.0,-10378000000.0,-10378000000.0,,-19814000000.0,1786000000.0,12303000000.0,12303000000.0,14934000000.0,-13098000000.0,-13098000000.0,,-10922000000.0,27060000000.0,-37982000000.0,-41000000.0,-41000000.0,,,,,15887000000.0,15887000000.0,-148000000.0,405000000.0,,-1508000000.0,622000000.0,333000000.0,333000000.0,-39000000.0,1837000000.0,,,-2425000000.0,-2425000000.0,2916000000.0,2916000000.0,,,,13746000000.0,ORCL,-21600000000.0,-2631000000.0,196000000.0,-3063000000.0,-3063000000.0,-21600000000.0,0.0,-2631000000.0,,-1508000000.0,-23000000.0,,1537000000.0,,192000000.0,0.0,,,,-2135000000.0,,,-1485000000.0,-1485000000.0,1379000000.0,1379000000.0,,,,,,,,
2020-05-31,11575000000.0,19888000000.0,1588000000.0,-1564000000.0,1972000000.0,3218000000.0,37239000000.0,20514000000.0,-125000000.0,16850000000.0,-6132000000.0,-6132000000.0,,-18317000000.0,1588000000.0,15388000000.0,15388000000.0,19888000000.0,9843000000.0,9843000000.0,,11531000000.0,17262000000.0,-5731000000.0,-124000000.0,-124000000.0,,,,,13139000000.0,13139000000.0,-942000000.0,-222000000.0,,-940000000.0,665000000.0,-445000000.0,-445000000.0,239000000.0,1590000000.0,,,-851000000.0,-851000000.0,2968000000.0,2968000000.0,,,,10135000000.0,ORCL,-19905000000.0,-4500000000.0,-133000000.0,-3070000000.0,-3070000000.0,-19905000000.0,,-4500000000.0,,-940000000.0,-496000000.0,,1382000000.0,,245000000.0,,,,,-1564000000.0,,,-444000000.0,-444000000.0,1586000000.0,1586000000.0,,,,,,,,
2023-12-31,32217000000.0,18129000000.0,,-52729000000.0,3112000000.0,11179000000.0,73890000000.0,54253000000.0,403000000.0,19234000000.0,-15879000000.0,-15879000000.0,,0.0,,-15608000000.0,-8060000000.0,0.0,-49833000000.0,-49833000000.0,,4139000000.0,5627000000.0,-1488000000.0,-5839000000.0,-5839000000.0,,,-48133000000.0,-52729000000.0,84946000000.0,84946000000.0,-11541000000.0,4578000000.0,-12265000000.0,3045000000.0,,-8348000000.0,-8348000000.0,-748000000.0,24023000000.0,,,-5876000000.0,-5876000000.0,48663000000.0,48663000000.0,,,,30425000000.0,AMZN,0.0,-33737000000.0,-271000000.0,,,0.0,-7548000000.0,-8060000000.0,,5473000000.0,5473000000.0,1449000000.0,,,,18129000000.0,,-2428000000.0,,,4596000000.0,-25677000000.0,,,,,,,,,,,,
2022-12-31,-16893000000.0,62719000000.0,,-63645000000.0,2142000000.0,6035000000.0,54253000000.0,36477000000.0,-1093000000.0,18869000000.0,9718000000.0,9718000000.0,,-6000000000.0,,15966000000.0,11967000000.0,21166000000.0,-37601000000.0,-37601000000.0,,29036000000.0,31601000000.0,-2565000000.0,-8316000000.0,-8316000000.0,,,-58321000000.0,-63645000000.0,46752000000.0,46752000000.0,-20886000000.0,2216000000.0,-13275000000.0,1387000000.0,,-8622000000.0,-8622000000.0,16966000000.0,19621000000.0,,,-8148000000.0,-8148000000.0,41921000000.0,41921000000.0,,,,-2722000000.0,AMZN,-6000000000.0,-46753000000.0,-248000000.0,,,-6000000000.0,3999000000.0,-9199000000.0,,2945000000.0,2945000000.0,-2592000000.0,,,,41553000000.0,,-1558000000.0,,,5324000000.0,-37554000000.0,,,,,,,,,,,,
2021-12-31,-14726000000.0,26959000000.0,,-61053000000.0,1772000000.0,3688000000.0,36477000000.0,42377000000.0,-364000000.0,-5536000000.0,6291000000.0,6291000000.0,,0.0,,6453000000.0,6250000000.0,19003000000.0,-58154000000.0,-58154000000.0,,-773000000.0,59384000000.0,-60157000000.0,-1985000000.0,-1985000000.0,,,-55396000000.0,-61053000000.0,46327000000.0,46327000000.0,-19611000000.0,2314000000.0,-9018000000.0,5725000000.0,,-9145000000.0,-9145000000.0,-14306000000.0,12757000000.0,,,-310000000.0,-310000000.0,34433000000.0,34433000000.0,,,,33364000000.0,AMZN,0.0,-20506000000.0,-162000000.0,,,0.0,203000000.0,-12753000000.0,,3602000000.0,3602000000.0,-9487000000.0,,,,7956000000.0,,2123000000.0,,,5657000000.0,-7753000000.0,,,,,,,,,,,,
2020-12-31,25924000000.0,17321000000.0,,-40140000000.0,1630000000.0,1713000000.0,42377000000.0,36410000000.0,618000000.0,5349000000.0,-1104000000.0,-1104000000.0,,0.0,,-1104000000.0,-1723000000.0,10525000000.0,-59611000000.0,-59611000000.0,,-22242000000.0,50237000000.0,-72479000000.0,-2325000000.0,-2325000000.0,,,-35044000000.0,-40140000000.0,66064000000.0,66064000000.0,13481000000.0,1265000000.0,,23234000000.0,,-8169000000.0,-8169000000.0,-2653000000.0,9208000000.0,,,-554000000.0,-554000000.0,25251000000.0,25251000000.0,,,,21331000000.0,AMZN,0.0,-18425000000.0,,,,0.0,619000000.0,-12248000000.0,,17480000000.0,17480000000.0,-2849000000.0,,,,6796000000.0,,5754000000.0,,,5096000000.0,-6177000000.0,,,,,,,,,,,,
2023-12-31,3247200000.0,997800000.0,99400000.0,-2196200000.0,137800000.0,2568300000.0,7004700000.0,7268300000.0,-13800000.0,-249800000.0,-3003900000.0,-3003900000.0,,-900600000.0,99400000.0,245000000.0,245000000.0,997800000.0,-2689300000.0,-2689300000.0,-561500000.0,102000000.0,125600000.0,-23600000.0,-33600000.0,-33600000.0,-40600000.0,-40600000.0,-2155600000.0,-2155600000.0,5443400000.0,5443400000.0,-3663600000.0,-2504000000.0,-344300000.0,-39700000.0,,871300000.0,959900000.0,,134800000.0,,37500000.0,-133600000.0,-133600000.0,739800000.0,739800000.0,4200000.0,4200000.0,,7839000000.0,ASML,-1000000000.0,-752800000.0,,-2348300000.0,-2348300000.0,-1000000000.0,,-752800000.0,,-261700000.0,-261700000.0,-1646900000.0,,,485300000.0,,0.0,222000000.0,,,,,,,,,,,,,,,,0.0
2022-12-31,7167500000.0,495600000.0,81800000.0,-1319300000.0,82200000.0,1734600000.0,7268300000.0,6951800000.0,-3100000.0,319600000.0,-7138300000.0,-7138300000.0,,-4557900000.0,81800000.0,-20600000.0,-20600000.0,495600000.0,-1028900000.0,-1028900000.0,-240000000.0,530400000.0,864700000.0,-334300000.0,0.0,0.0,-37500000.0,-37500000.0,-1281800000.0,-1281800000.0,8486800000.0,8486800000.0,2441200000.0,6666300000.0,-864300000.0,845900000.0,,-2125800000.0,-2338000000.0,,68900000.0,,39300000.0,-564200000.0,-564200000.0,583600000.0,583600000.0,15300000.0,15300000.0,,5624200000.0,ASML,-4639700000.0,-516200000.0,,-2559800000.0,-2559800000.0,-4639700000.0,,-516200000.0,,406200000.0,406200000.0,-2080900000.0,,,278500000.0,,0.0,439700000.0,,,,,,,,,,,,,,,,0.0
2021-12-31,9905500000.0,0.0,49000000.0,-940300000.0,83000000.0,1235000000.0,6951800000.0,6049400000.0,20300000.0,882100000.0,-9891700000.0,-9891700000.0,,-8511300000.0,49000000.0,-12100000.0,-12100000.0,0.0,-72000000.0,-72000000.0,-124400000.0,663700000.0,1826400000.0,-1162700000.0,329000000.0,0.0,-39600000.0,-39600000.0,-900700000.0,-900700000.0,10845800000.0,10845800000.0,4892400000.0,5744200000.0,-222200000.0,1066200000.0,,-1212600000.0,-1754900000.0,,117500000.0,,-15900000.0,-419600000.0,-419600000.0,471000000.0,471000000.0,-263500000.0,-49800000.0,,5883200000.0,ASML,-8560300000.0,-12100000.0,,-1368300000.0,-1368300000.0,-8560300000.0,,-12100000.0,,718600000.0,718600000.0,-483200000.0,,,180700000.0,,329000000.0,347600000.0,,,,,,,,,,,,,,,,-213700000.0
2020-12-31,3626800000.0,1486300000.0,37900000.0,-1000800000.0,64100000.0,650200000.0,6049400000.0,3532300000.0,-5300000.0,2522400000.0,-753000000.0,-753000000.0,,-1169600000.0,37900000.0,1483000000.0,1483000000.0,1486300000.0,-1352200000.0,-1352200000.0,-12200000.0,-116400000.0,1359100000.0,-1475500000.0,-222800000.0,-222800000.0,-38800000.0,-38800000.0,-962000000.0,-962000000.0,4627600000.0,4627600000.0,531600000.0,1549500000.0,-75100000.0,381800000.0,,-617900000.0,507500000.0,,53900000.0,,5500000.0,-211300000.0,-211300000.0,490800000.0,490800000.0,11000000.0,11000000.0,,3553700000.0,ASML,-1207500000.0,-3300000.0,,-1066400000.0,-1066400000.0,-1207500000.0,,-3300000.0,,334300000.0,334300000.0,-706700000.0,,,192400000.0,,0.0,47500000.0,,,,,,,,,,,,,,,,0.0
